id,name,region,sport,sport_id,region_id
10504,1. A SKL,Slovenia,Basketball,2,530
10476,Final Eight,Italy,Basketball,2,494
10483,LKL,Lithuania,Basketball,2,550
11318,National A League,Tunisia,Basketball,2,537
10470,Champions League Americas,International,Basketball,2,490
11589,Womens National Invitation Tournament,USA,Basketball,2,543
10478,Serie B,Italy,Basketball,2,494
11506,Zweite Liga,Austria,Basketball,2,449
10510,SBL - Women,Sweden,Basketball,2,533
10515,1. Lig,Turkiye,Basketball,2,538
10442,BBL-Pokal,Germany,Basketball,2,479
10415,NBB,Brazil,Basketball,2,458
10412,Superliga - Women,Austria,Basketball,2,449
10413,BNXT Belgian League,Belgium,Basketball,2,454
10450,Urvalsdeild,Iceland,Basketball,2,487
11764,Campeonato Nacional Liga Feminina,Portugal,Basketball,2,519
10511,LNA,Switzerland,Basketball,2,534
10516,TB2L,Turkiye,Basketball,2,538
11110,NBA Rising Stars,USA,Basketball,2,543
10997,Cupa Romaniei       ,Romania,Basketball,2,522
10440,BBL,Germany,Basketball,2,479
10488,PBA - Governors Cup,Philippines,Basketball,2,517
10410,NBL1 - East,Australia,Basketball,2,448
10503,Cup,Slovakia,Basketball,2,529
10419,WCBA,China,Basketball,2,548
10522,NBA G League,USA,Basketball,2,543
10506,Copa del Rey,Spain,Basketball,2,532
11842,LBL,Latvia,Basketball,2,553
10426,NBL,Czech Republic,Basketball,2,469
10498,Premier League Women,Russia,Basketball,2,523
10490,PLKK,Poland,Basketball,2,518
10514,Super Lig - Women,Turkiye,Basketball,2,538
10424,Croatia Cup,Croatia,Basketball,2,467
11855,KML,Estonia,Basketball,2,475
10499,KLS,Serbia,Basketball,2,528
12103,FIBA World Cup,International,Basketball,2,490
10472,Super League,Israel,Basketball,2,493
11559,College Basketball Invitational,USA,Basketball,2,543
10414,1st Division,Bosnia & Herzegovina,Basketball,2,456
10404,WNBL,Australia,Basketball,2,448
10497,LNB - Women,Romania,Basketball,2,522
11556,NCAA Division I National Championship - Women,USA,Basketball,2,543
11019,Cesky Pohar,Czech Republic,Basketball,2,469
10900,Cup,Slovenia,Basketball,2,530
10455,European Championship Qualification,International,Basketball,2,490
11560,Womens Basketball Invitational,USA,Basketball,2,543
11200,BNXT League,International,Basketball,2,490
11109,Big V - Women,Australia,Basketball,2,448
10517,FBU Superleague,Ukraine,Basketball,2,540
10465,World Cup Qualification - Europe,International,Basketball,2,490
10496,Liga Nationala,Romania,Basketball,2,522
11210,Cup - Women,Romania,Basketball,2,522
11367,NBL1 West - Women,Australia,Basketball,2,448
10471,Super League,Iran,Basketball,2,491
10431,BBL Trophy,England,Basketball,2,474
10487,BLNO,Norway,Basketball,2,511
10456,European Championship Qualification - Women,International,Basketball,2,490
10460,ASEAN Basketball League,International,Basketball,2,490
10422,Premijer liga,Croatia,Basketball,2,467
10405,NBL,Australia,Basketball,2,448
11488,NBB All Star,Brazil,Basketball,2,458
10445,A1 - Women,Greece,Basketball,2,482
10406,NBL1 - Central,Australia,Basketball,2,448
10434,Pro A,France,Basketball,2,477
11301,NBL1 East - Women,Australia,Basketball,2,448
10477,Serie A2,Italy,Basketball,2,494
10427,1. Liga,Czech Republic,Basketball,2,469
10439,Coupe de France - Women,France,Basketball,2,477
10428,ZBL,Czech Republic,Basketball,2,469
10500,Cup,Serbia,Basketball,2,528
10495,WKBL,Republic of Korea,Basketball,2,521
11201,Superior Nacional,Puerto Rico,Basketball,2,580
10463,Europe Cup,International,Basketball,2,490
10481,W League,Japan,Basketball,2,497
10494,KBL,Republic of Korea,Basketball,2,521
11369,NBL1 South - Women,Australia,Basketball,2,448
10430,BBL,England,Basketball,2,474
10520,WNBA,USA,Basketball,2,543
10417,NBL,Canada,Basketball,2,462
10491,1 Liga,Poland,Basketball,2,518
10444,A1,Greece,Basketball,2,482
10407,NBL1 - West,Australia,Basketball,2,448
10443,Pro A,Germany,Basketball,2,479
10448,NB I. A - Women,Hungary,Basketball,2,486
11616,European Ch.ship Women,International,Basketball,2,490
10927,Super 20,Argentina,Basketball,2,447
10429,Basketligaen,Denmark,Basketball,2,470
10948,Top Division 1,Belgium,Basketball,2,454
10512,Super Lig,Turkiye,Basketball,2,538
10432,Korisliiga,Finland,Basketball,2,476
10453,Eurocup,International,Basketball,2,490
10441,1. DBBL,Germany,Basketball,2,479
10518,LUB,Uruguay,Basketball,2,542
10486,NBL,New Zealand,Basketball,2,551
10409,NBL1 - North,Australia,Basketball,2,448
10425,Division A,Cyprus,Basketball,2,468
10461,Balkan League,International,Basketball,2,490
11400,Big V,Australia,Basketball,2,448
12004,LNB,Dominican Republic,Basketball,2,594
10893,Greece Cup,Greece,Basketball,2,482
11613,SuperLiga,Venezuela,Basketball,2,544
11319,Club Friendly Games,International,Basketball,2,490
10501,Extraliga,Slovakia,Basketball,2,529
11370,Belgium Cup,Belgium,Basketball,2,454
11106,Basketball Africa League,International,Basketball,2,490
10485,BNXT Dutch League,Netherlands,Basketball,2,506
10418,Liga Nacional,Chile,Basketball,2,463
10469,Estonian-Latvian League,International,Basketball,2,490
10482,First Division,Lebanon,Basketball,2,501
10421,P League,Chinese Taipei,Basketball,2,549
11498,Int. Friendly Games,International,Basketball,2,490
11368,NBL1 North - Women,Australia,Basketball,2,448
10907,Cup,Lithuania,Basketball,2,550
10914,Eurocup - Women,International,Basketball,2,490
10474,Serie A,Italy,Basketball,2,494
10438,LFB - Women,France,Basketball,2,477
10411,Superliga,Austria,Basketball,2,449
10458,United League,International,Basketball,2,490
10479,B.League,Japan,Basketball,2,497
11499,NCAA Division II National Championship,USA,Basketball,2,543
11414,Magyar Kupa,Hungary,Basketball,2,486
10459,Intercontinental Cup,International,Basketball,2,490
10509,SBL,Sweden,Basketball,2,533
10464,Champions League,International,Basketball,2,490
11854,U19 World Championship Women,International,Basketball,2,490
10446,Elite League,Greece,Basketball,2,482
11366,NBL1 Central - Women,Australia,Basketball,2,448
10437,Coupe de France,France,Basketball,2,477
10489,PLK,Poland,Basketball,2,518
10508,Liga Femenina,Spain,Basketball,2,532
10435,Leaders Cup LNB,France,Basketball,2,477
11031,LBF - Women,Brazil,Basketball,2,458
10451,IBL,Indonesia,Basketball,2,489
11373,Cup - Women,Turkiye,Basketball,2,538
11853,U19 World Championship,International,Basketball,2,490
10467,World Cup Qualification - Americas,International,Basketball,2,490
11028,International Friendly Games - Women,International,Basketball,2,490
11844,Superettan,Sweden,Basketball,2,533
10480,B2.League,Japan,Basketball,2,497
11171,CBA,China,Basketball,2,548
10452,Euroleague,International,Basketball,2,490
11688,1 Division,Finland,Basketball,2,476
10492,Cup,Poland,Basketball,2,518
10493,LPB,Portugal,Basketball,2,519
10521,NBA All Star Game,USA,Basketball,2,543
11507,Liga Mayor de Baloncesto,El Salvador,Basketball,2,473
10423,A1 Liga Women,Croatia,Basketball,2,467
11599,Libobasquet,Bolivia,Basketball,2,455
10403,LNB,Argentina,Basketball,2,447
10457,Euroleague Women,International,Basketball,2,490
11371,Cup - Women,Italy,Basketball,2,494
10475,A1 Women,Italy,Basketball,2,494
10466,World Cup Qualification - Africa,International,Basketball,2,490
10473,National League,Israel,Basketball,2,493
10436,Pro B,France,Basketball,2,477
10519,NBA,USA,Basketball,2,543
11687,CBA - All Star Game,China,Basketball,2,548
11495,WBL - Women,Israel,Basketball,2,493
10967,ABA Liga 2,International,Basketball,2,490
10462,Alpe Adria Cup,International,Basketball,2,490
10454,Liga ABA,International,Basketball,2,490
10507,LEB Oro,Spain,Basketball,2,532
10484,NKL,Lithuania,Basketball,2,550
11553,NCAA Division I National Championship,USA,Basketball,2,543
10468,World Cup Qualification - Asia & Oceania,International,Basketball,2,490
10420,SBL,Chinese Taipei,Basketball,2,549
11218,Americup Qualification,International,Basketball,2,490
10408,NBL1 - South,Australia,Basketball,2,448
10513,Türkiye Kupasi,Turkiye,Basketball,2,538
11013,State Cup,Israel,Basketball,2,493
10416,NBL,Bulgaria,Basketball,2,459
11845,WNBA Preseason,USA,Basketball,2,543
11372,Serie A2 - LNP Cup,Italy,Basketball,2,494
11509,Cup,Bulgaria,Basketball,2,459
10447,NB I. A,Hungary,Basketball,2,486
10449,Urvalsdeild - Women,Iceland,Basketball,2,487
10433,Korisliiga - Women,Finland,Basketball,2,476
11558,National Invitation Tournament,USA,Basketball,2,543
10502,Extraliga - Women,Slovakia,Basketball,2,529
10505,Liga ACB,Spain,Basketball,2,532
